"","PD","SR","Family"
"UAI",12352.4171722685,798,81
"UN",2517.90758108687,129,24
"MUTI",3127.01159806028,130,33
