Index,PSV,PSR,SR ,# of Families
UAI,0.8044951,641.98712,798,81
UN,0.7606829,98.12809,129,24
MUTI,0.7970667,103.61867,130,33
